{"(1, 0, 0)": 1.2482605141327875e-26, "(2, 0, 0)": 2.3770999036113847e-16, "(3, 0, 0)": 1.1946794574084214e-15, "(4, 0, 0)": 2.896196048958821e-15, "(5, 0, 0)": 1.6950109608891294e-16, "(6, 0, 0)": 5.199242362495279e-15, "(7, 0, 0)": 5.615674115389389e-15, "(8, 0, 0)": 3.549876142800506e-15, "(9, 0, 0)": 1.97916553188441e-15, "(10, 0, 0)": 1.0966001176064293e-15, "(11, 0, 0)": 6.276646588724166e-16, "(12, 0, 0)": 3.753735306264819e-16, "(13, 0, 0)": 2.3485020373039323e-16, "(14, 0, 0)": 1.5331648207221346e-16, "(2, 1, 0)": 1.4505501982962622e-14, "(3, 1, 0)": 3.2369414877886424e-14, "(4, 1, 0)": 6.327684695998013e-16, "(5, 1, 0)": 1.4565185647816527e-16, "(6, 1, 0)": 8.188456299241398e-17, "(7, 1, 0)": 3.0838417045472725e-17, "(8, 1, 0)": 1.0870057138967048e-17, "(9, 1, 0)": 3.875421091389129e-18, "(10, 1, 0)": 1.4575102363326094e-18, "(11, 1, 0)": 6.092330907014179e-19, "(12, 1, 0)": 3.0323445329273074e-19, "(13, 1, 0)": 1.8830835869888614e-19, "(14, 1, 0)": 1.4189700187823028e-19, "(3, 2, 0)": 1.0611591682293917e-15, "(4, 2, 0)": 1.4065070000371026e-13, "(5, 2, 0)": 5.060299939722117e-14, "(6, 2, 0)": 7.108112872749488e-14, "(7, 2, 0)": 3.2990549526799024e-14, "(8, 2, 0)": 1.3665396357978055e-14, "(9, 2, 0)": 5.2545398313943476e-15, "(10, 2, 0)": 2.124004140143813e-15, "(11, 2, 0)": 9.107155232771916e-16, "(12, 2, 0)": 4.160108479379798e-16, "(13, 2, 0)": 2.0363270777837444e-16, "(14, 2, 0)": 1.0791714011198193e-16, "(4, 3, 0)": 1.0229141911549939e-14, "(5, 3, 0)": 9.138928451378624e-15, "(6, 3, 0)": 8.204121708048382e-16, "(7, 3, 0)": 2.342407906316547e-16, "(8, 3, 0)": 2.494708695419718e-17, "(9, 3, 0)": 7.440173638836156e-20, "(10, 3, 0)": 4.893818097728067e-18, "(11, 3, 0)": 9.192870687996471e-18, "(12, 3, 0)": 1.0414612862624657e-17, "(13, 3, 0)": 9.976867469517711e-18, "(14, 3, 0)": 8.915537652313909e-18, "(5, 4, 0)": 8.383627101619551e-10, "(6, 4, 0)": 3.648721440697946e-10, "(7, 4, 0)": 7.675769252754066e-12, "(8, 4, 0)": 3.1770100206115904e-12, "(9, 4, 0)": 2.2960642551055906e-14, "(10, 4, 0)": 2.3100178331605207e-14, "(11, 4, 0)": 2.1712082963523422e-14, "(12, 4, 0)": 1.9875238749701227e-14, "(13, 4, 0)": 1.73406382325828e-14, "(14, 4, 0)": 1.474443137499627e-14, "(6, 5, 0)": 4.468440776260748e-10, "(7, 5, 0)": 1.4886768354890198e-12, "(8, 5, 0)": 3.876859761850347e-12, "(9, 5, 0)": 9.140774191936857e-14, "(10, 5, 0)": 4.729866756834165e-14, "(11, 5, 0)": 2.6937341839469042e-14, "(12, 5, 0)": 1.4524424686851083e-14, "(13, 5, 0)": 7.74665654179574e-15, "(14, 5, 0)": 4.165667415993855e-15, "(7, 6, 0)": 2.0991490933368142e-05, "(8, 6, 0)": 1.5485244802111009e-06, "(9, 6, 0)": 7.920053758264892e-07, "(10, 6, 0)": 2.3430721995639296e-10, "(11, 6, 0)": 1.4555108023162795e-10, "(12, 6, 0)": 2.6438583115021035e-10, "(13, 6, 0)": 2.7445728474233133e-10, "(14, 6, 0)": 2.406506662269664e-10, "(8, 7, 0)": 1.3902849496914918e-06, "(9, 7, 0)": 2.1267068597673567e-06, "(10, 7, 0)": 5.5923116540326533e-11, "(11, 7, 0)": 5.1399897014865975e-09, "(12, 7, 0)": 3.0187031956601987e-09, "(13, 7, 0)": 1.6311270894487259e-09, "(14, 7, 0)": 9.092816954002757e-10, "(9, 8, 0)": 2.937951286487249e-06, "(10, 8, 0)": 0.9999459340863148, "(11, 8, 0)": 2.5103187868222357e-06, "(12, 8, 0)": 1.3475859001727955e-06, "(13, 8, 0)": 8.050418207902291e-07, "(14, 8, 0)": 5.184672925126203e-07, "(10, 9, 0)": 1.927083996258997e-11, "(11, 9, 0)": 1.047304689290433e-06, "(12, 9, 0)": 6.505719804675804e-07, "(13, 9, 0)": 3.60559688783381e-07, "(14, 9, 0)": 2.0345345366202617e-07, "(11, 10, 0)": 1.1746813966770307e-07, "(12, 10, 0)": 2.777505045275229e-07, "(13, 10, 0)": 6.334587748268809e-07, "(14, 10, 0)": 7.268586444104641e-07, "(12, 11, 0)": 8.598166508520008e-14, "(13, 11, 0)": 4.834811334308674e-14, "(14, 11, 0)": 3.0918167113853325e-13, "(13, 12, 0)": 7.021850383274781e-14, "(14, 12, 0)": 3.6392493004679885e-14, "(14, 13, 0)": 3.499489755085588e-20}