{"(1, 0, 0)": 4.261781520882786e-30, "(2, 0, 0)": 4.411029035466562e-20, "(3, 0, 0)": 4.0786518403000513e-19, "(4, 0, 0)": 1.0904536315434527e-19, "(5, 0, 0)": 6.032528957391076e-19, "(6, 0, 0)": 6.284711659546532e-19, "(7, 0, 0)": 2.755290030567838e-19, "(8, 0, 0)": 1.0013954200784195e-19, "(9, 0, 0)": 3.678507780495005e-20, "(10, 0, 0)": 1.429582290092778e-20, "(11, 0, 0)": 5.8806760910799264e-21, "(12, 0, 0)": 2.5314133677330438e-21, "(13, 0, 0)": 1.1249808032861304e-21, "(14, 0, 0)": 5.097223241062847e-22, "(2, 1, 0)": 1.7595913813746945e-18, "(3, 1, 0)": 4.291186649852301e-18, "(4, 1, 0)": 4.8901600120400677e-20, "(5, 1, 0)": 2.945338273224157e-21, "(6, 1, 0)": 4.475405220690021e-21, "(7, 1, 0)": 3.584246622746546e-21, "(8, 1, 0)": 2.650147984424175e-21, "(9, 1, 0)": 1.894707758990486e-21, "(10, 1, 0)": 1.3530963078947054e-21, "(11, 1, 0)": 9.800321459500264e-22, "(12, 1, 0)": 7.239461054469815e-22, "(13, 1, 0)": 5.460713459369174e-22, "(14, 1, 0)": 4.2028859378045055e-22, "(3, 2, 0)": 8.507562721211674e-21, "(4, 2, 0)": 6.77876145885313e-17, "(5, 2, 0)": 1.2506668370522948e-17, "(6, 2, 0)": 3.3513291843885656e-17, "(7, 2, 0)": 1.3694692673884366e-17, "(8, 2, 0)": 5.300622389928228e-18, "(9, 2, 0)": 2.0239814700364724e-18, "(10, 2, 0)": 8.617687146996481e-19, "(11, 2, 0)": 4.0400886878970507e-19, "(12, 2, 0)": 2.0636829234101832e-19, "(13, 2, 0)": 1.1349966296560147e-19, "(14, 2, 0)": 6.648788447991727e-20, "(4, 3, 0)": 4.621960414816853e-17, "(5, 3, 0)": 3.067715577684915e-17, "(6, 3, 0)": 5.138020734025252e-19, "(7, 3, 0)": 1.9659365330489994e-19, "(8, 3, 0)": 3.494349942122245e-20, "(9, 3, 0)": 3.815073717014238e-21, "(10, 3, 0)": 1.4121621868815788e-20, "(11, 3, 0)": 1.8570405276271683e-20, "(12, 3, 0)": 1.78854048598396e-20, "(13, 3, 0)": 1.5382289228547577e-20, "(14, 3, 0)": 1.2663173493098722e-20, "(5, 4, 0)": 8.835944165257277e-12, "(6, 4, 0)": 3.4180248937403984e-12, "(7, 4, 0)": 6.0085909730144e-14, "(8, 4, 0)": 2.6958882703981336e-14, "(9, 4, 0)": 2.487906362115489e-16, "(10, 4, 0)": 2.4116882553700103e-16, "(11, 4, 0)": 2.173433159586005e-16, "(12, 4, 0)": 1.8041419606430835e-16, "(13, 4, 0)": 1.4473138720710066e-16, "(14, 4, 0)": 1.1515618757022142e-16, "(6, 5, 0)": 1.4160309359648282e-11, "(7, 5, 0)": 4.7487307875974733e-14, "(8, 5, 0)": 1.196482997025298e-13, "(9, 5, 0)": 2.6919725887763842e-15, "(10, 5, 0)": 9.773386375423073e-16, "(11, 5, 0)": 5.29025249414882e-16, "(12, 5, 0)": 2.6983756375797283e-16, "(13, 5, 0)": 1.3423699948787087e-16, "(14, 5, 0)": 6.611092597044444e-17, "(7, 6, 0)": 2.08999042875295e-06, "(8, 6, 0)": 1.5421297152432973e-07, "(9, 6, 0)": 7.904009451737029e-08, "(10, 6, 0)": 9.70749650133913e-12, "(11, 6, 0)": 1.0575853485689961e-11, "(12, 6, 0)": 2.6151024322814266e-11, "(13, 6, 0)": 2.826348884928569e-11, "(14, 6, 0)": 2.5125831462333877e-11, "(8, 7, 0)": 4.390973164028094e-07, "(9, 7, 0)": 6.724119987959688e-07, "(10, 7, 0)": 1.7565099423209115e-12, "(11, 7, 0)": 1.637455634330187e-09, "(12, 7, 0)": 9.60368968710772e-10, "(13, 7, 0)": 5.174891348233727e-10, "(14, 7, 0)": 2.8740226875892446e-10, "(9, 8, 0)": 2.92937865589431e-07, "(10, 8, 0)": 0.9999928734895428, "(11, 8, 0)": 2.5046860028787706e-07, "(12, 8, 0)": 1.3447512200847037e-07, "(13, 8, 0)": 8.034969286495951e-08, "(14, 8, 0)": 5.175645529942593e-08, "(10, 9, 0)": 6.044908586207461e-13, "(11, 9, 0)": 3.30773110463698e-07, "(12, 9, 0)": 2.054162603050799e-07, "(13, 9, 0)": 1.1382047357709429e-07, "(14, 9, 0)": 6.421362442655953e-08, "(11, 10, 0)": 1.1772827781423392e-08, "(12, 10, 0)": 2.768826179380905e-08, "(13, 10, 0)": 6.31850823330293e-08, "(14, 10, 0)": 7.250362567377744e-08, "(12, 11, 0)": 2.7120883610267354e-15, "(13, 11, 0)": 1.5002469069577244e-15, "(14, 11, 0)": 9.703598057752754e-15, "(13, 12, 0)": 7.018502604515135e-16, "(14, 12, 0)": 3.635427836840089e-16, "(14, 13, 0)": 1.1956864448532637e-22}