{"(1, 0, 0)": 3.9336664809114856e-21, "(2, 0, 0)": 5.791835880337715e-12, "(3, 0, 0)": 3.764192823145175e-11, "(4, 0, 0)": 7.818842471366226e-12, "(5, 0, 0)": 2.253944827370811e-11, "(6, 0, 0)": 1.9173846944637323e-11, "(7, 0, 0)": 2.3110326764827294e-11, "(8, 0, 0)": 1.5398336854163023e-11, "(9, 0, 0)": 9.660102036704152e-12, "(10, 0, 0)": 6.447921541210668e-12, "(11, 0, 0)": 4.597493667194245e-12, "(12, 0, 0)": 3.43987056564646e-12, "(13, 0, 0)": 2.661176190985323e-12, "(14, 0, 0)": 2.109074262172314e-12, "(2, 1, 0)": 7.989572485252082e-10, "(3, 1, 0)": 2.816878528701529e-10, "(4, 1, 0)": 1.8055835714110144e-11, "(5, 1, 0)": 3.590131846405123e-12, "(6, 1, 0)": 2.6213366977140075e-12, "(7, 1, 0)": 8.748514710703317e-13, "(8, 1, 0)": 2.7181382147485286e-13, "(9, 1, 0)": 1.2576264275240937e-13, "(10, 1, 0)": 9.139191234458353e-14, "(11, 1, 0)": 7.884737683921819e-14, "(12, 1, 0)": 6.957293872369961e-14, "(13, 1, 0)": 6.082016683607324e-14, "(14, 1, 0)": 5.2658058098417115e-14, "(3, 2, 0)": 1.554636571842109e-11, "(4, 2, 0)": 3.3536868580239894e-10, "(5, 2, 0)": 4.558501957648104e-11, "(6, 2, 0)": 2.166434513653188e-11, "(7, 2, 0)": 5.0588039481476136e-11, "(8, 2, 0)": 3.862788784788374e-11, "(9, 2, 0)": 2.6208376790678688e-11, "(10, 2, 0)": 1.771824387020751e-11, "(11, 2, 0)": 1.237948002340883e-11, "(12, 2, 0)": 8.967844742557735e-12, "(13, 2, 0)": 6.7081316232916064e-12, "(14, 2, 0)": 5.15550687317708e-12, "(4, 3, 0)": 4.4172835725624415e-10, "(5, 3, 0)": 5.310737661009099e-11, "(6, 3, 0)": 2.0068644203635482e-11, "(7, 3, 0)": 4.720757603437779e-12, "(8, 3, 0)": 1.7891936904807444e-12, "(9, 3, 0)": 1.1604693350895073e-12, "(10, 3, 0)": 8.862280141425392e-13, "(11, 3, 0)": 6.978886907158492e-13, "(12, 3, 0)": 5.520725103514485e-13, "(13, 3, 0)": 4.389685014098097e-13, "(14, 3, 0)": 3.518804241520404e-13, "(5, 4, 0)": 8.241050183586067e-08, "(6, 4, 0)": 3.283202877321683e-08, "(7, 4, 0)": 2.937941708623298e-10, "(8, 4, 0)": 8.371533822531515e-10, "(9, 4, 0)": 1.7676222670872044e-10, "(10, 4, 0)": 1.3085816886086455e-10, "(11, 4, 0)": 9.857315458493546e-11, "(12, 4, 0)": 7.51529260372536e-11, "(13, 4, 0)": 5.805808059861427e-11, "(14, 4, 0)": 4.5515179382538454e-11, "(6, 5, 0)": 1.3936827595272448e-08, "(7, 5, 0)": 4.1933017619225236e-11, "(8, 5, 0)": 1.4098990362691923e-10, "(9, 5, 0)": 3.5786810517594867e-12, "(10, 5, 0)": 3.9016356595767125e-12, "(11, 5, 0)": 2.5704209694243596e-12, "(12, 5, 0)": 1.616538422608098e-12, "(13, 5, 0)": 1.0253897709414161e-12, "(14, 5, 0)": 6.68698616648011e-13, "(7, 6, 0)": 0.00021255104391660075, "(8, 6, 0)": 1.5653913225168684e-05, "(9, 6, 0)": 8.035482652320202e-06, "(10, 6, 0)": 1.44487607937344e-08, "(11, 6, 0)": 6.2249090926280335e-09, "(12, 6, 0)": 4.523099611559193e-09, "(13, 6, 0)": 3.5028071306055906e-09, "(14, 6, 0)": 2.6983997665103075e-09, "(8, 7, 0)": 4.410038163503834e-06, "(9, 7, 0)": 6.7199091248458245e-06, "(10, 7, 0)": 1.804656037283919e-09, "(11, 7, 0)": 1.5893340332550225e-08, "(12, 7, 0)": 9.310826187097181e-09, "(13, 7, 0)": 5.0603280617678625e-09, "(14, 7, 0)": 2.849364616330923e-09, "(9, 8, 0)": 2.9649872254159902e-05, "(10, 8, 0)": 0.9995090426777439, "(11, 8, 0)": 2.5272058731307105e-05, "(12, 8, 0)": 1.3560907682608734e-05, "(13, 8, 0)": 8.09630927738266e-06, "(14, 8, 0)": 5.210976508894305e-06, "(10, 9, 0)": 6.249166624068528e-10, "(11, 9, 0)": 3.3234631496381767e-06, "(12, 9, 0)": 2.066180254278613e-06, "(13, 9, 0)": 1.1458857511301229e-06, "(14, 9, 0)": 6.469723959705427e-07, "(11, 10, 0)": 1.1672995053724849e-06, "(12, 10, 0)": 2.8042622292662674e-06, "(13, 10, 0)": 6.384022915012932e-06, "(14, 10, 0)": 7.324600686251567e-06, "(12, 11, 0)": 2.7385088823406277e-12, "(13, 11, 0)": 1.6216611290961237e-12, "(14, 11, 0)": 1.0002346863025823e-11, "(13, 12, 0)": 7.033005465552145e-12, "(14, 12, 0)": 3.653805408923722e-12, "(14, 13, 0)": 1.126710415766736e-17}